{"cameraMode":{"drawMode":0,"name":"Shaded","section":"Shading Mode"},"sceneLighting":false,"audioPlay":false,"sceneViewState":{"m_AlwaysRefresh":false,"showFog":true,"showSkybox":false,"showFlares":true,"showImageEffects":true,"showParticleSystems":true,"showVisualEffectGraphs":true,"m_FxEnabled":false},"in2DMode":false,"pivot":{"x":0.29141852259635928,"y":0.5012452602386475,"z":-0.3015468716621399},"rotation":{"x":-0.2846267521381378,"y":0.27472928166389468,"z":-0.08559203892946243,"w":-0.9143162369728088},"size":0.4330126941204071,"orthographic":false}