{"cameraMode":{"drawMode":0,"name":"Shaded","section":"Shading Mode"},"sceneLighting":false,"audioPlay":false,"sceneViewState":{"m_AlwaysRefresh":false,"showFog":true,"showSkybox":false,"showFlares":true,"showImageEffects":true,"showParticleSystems":true,"showVisualEffectGraphs":true,"m_FxEnabled":false},"in2DMode":false,"pivot":{"x":0.42943286895751955,"y":0.960895299911499,"z":-0.17818985879421235},"rotation":{"x":-0.03496904671192169,"y":0.9604087471961975,"z":-0.2368636280298233,"w":-0.14159522950649262},"size":0.7911936640739441,"orthographic":false}