{"cameraMode":{"drawMode":0,"name":"Shaded","section":"Shading Mode"},"sceneLighting":false,"audioPlay":false,"sceneViewState":{"m_AlwaysRefresh":false,"showFog":true,"showSkybox":false,"showFlares":true,"showImageEffects":true,"showParticleSystems":true,"showVisualEffectGraphs":true,"m_FxEnabled":false},"in2DMode":false,"pivot":{"x":-0.4744148254394531,"y":0.4964735805988312,"z":0.13937576115131379},"rotation":{"x":-0.11281273514032364,"y":0.8597278594970703,"z":-0.21612554788589478,"w":-0.4485428035259247},"size":0.7911936640739441,"orthographic":false}