{"cameraMode":{"drawMode":0,"name":"Shaded","section":"Shading Mode"},"sceneLighting":true,"audioPlay":false,"sceneViewState":{"m_AlwaysRefresh":false,"showFog":true,"showSkybox":true,"showFlares":true,"showImageEffects":true,"showParticleSystems":true,"showVisualEffectGraphs":true,"m_FxEnabled":false},"in2DMode":false,"pivot":{"x":-4.1348137855529789,"y":7.79558801651001,"z":-7.674297332763672},"rotation":{"x":0.4077213704586029,"y":-0.010963201522827149,"z":0.004877482075244188,"w":0.9130033254623413},"size":0.8660253882408142,"orthographic":false}