{"cameraMode":{"drawMode":0,"name":"Shaded","section":"Shading Mode"},"sceneLighting":true,"audioPlay":false,"sceneViewState":{"m_AlwaysRefresh":false,"showFog":true,"showSkybox":true,"showFlares":true,"showImageEffects":true,"showParticleSystems":true,"showVisualEffectGraphs":true,"m_FxEnabled":false},"in2DMode":false,"pivot":{"x":-2.1921887397766115,"y":2.4131834506988527,"z":2.613375186920166},"rotation":{"x":0.014046875759959221,"y":0.9765080809593201,"z":-0.2035488486289978,"w":0.06779469549655914},"size":0.8660253882408142,"orthographic":false}