{"cameraMode":{"drawMode":0,"name":"Shaded","section":"Shading Mode"},"sceneLighting":true,"audioPlay":false,"sceneViewState":{"m_AlwaysRefresh":false,"showFog":true,"showSkybox":true,"showFlares":true,"showImageEffects":true,"showParticleSystems":true,"showVisualEffectGraphs":true,"m_FxEnabled":false},"in2DMode":false,"pivot":{"x":-3.897754669189453,"y":-7.416411399841309,"z":5.2387824058532719},"rotation":{"x":0.4080211818218231,"y":-0.008221433497965336,"z":0.0036718775518238546,"w":0.9129080176353455},"size":9.550000190734864,"orthographic":false}