{"cameraMode":{"drawMode":0,"name":"Shaded","section":"Shading Mode"},"sceneLighting":false,"audioPlay":false,"sceneViewState":{"m_AlwaysRefresh":false,"showFog":true,"showSkybox":false,"showFlares":true,"showImageEffects":true,"showParticleSystems":true,"showVisualEffectGraphs":true,"m_FxEnabled":false},"in2DMode":false,"pivot":{"x":-0.13667945563793183,"y":0.7946109771728516,"z":-0.6661422252655029},"rotation":{"x":0.3185668885707855,"y":-0.01876143552362919,"z":0.006384862121194601,"w":0.9476161003112793},"size":0.4330126941204071,"orthographic":false}