{"cameraMode":{"drawMode":0,"name":"Shaded","section":"Shading Mode"},"sceneLighting":true,"audioPlay":false,"sceneViewState":{"m_AlwaysRefresh":false,"showFog":true,"showSkybox":true,"showFlares":true,"showImageEffects":true,"showParticleSystems":true,"showVisualEffectGraphs":true,"m_FxEnabled":true},"in2DMode":false,"pivot":{"x":5.960464477539063e-8,"y":-347.859130859375,"z":0.029300019145011903},"rotation":{"x":0.44016289710998537,"y":0.520760715007782,"z":-0.35996079444885256,"w":0.6367896795272827},"size":1.0428725481033326,"orthographic":false}