{"cameraMode":{"drawMode":0,"name":"Shaded","section":"Shading Mode"},"sceneLighting":false,"audioPlay":false,"sceneViewState":{"m_AlwaysRefresh":false,"showFog":true,"showSkybox":false,"showFlares":true,"showImageEffects":true,"showParticleSystems":true,"showVisualEffectGraphs":true,"m_FxEnabled":false},"in2DMode":false,"pivot":{"x":0.30082279443740847,"y":0.7301112413406372,"z":0.29037123918533327},"rotation":{"x":-0.047703225165605548,"y":0.951371967792511,"z":-0.23463240265846253,"w":-0.1932249665260315},"size":0.7771455645561218,"orthographic":false}