{"cameraMode":{"drawMode":0,"name":"Shaded","section":"Shading Mode"},"sceneLighting":false,"audioPlay":false,"sceneViewState":{"m_AlwaysRefresh":false,"showFog":true,"showSkybox":false,"showFlares":true,"showImageEffects":true,"showParticleSystems":true,"showVisualEffectGraphs":true,"m_FxEnabled":false},"in2DMode":false,"pivot":{"x":-0.002173870801925659,"y":0.6204444169998169,"z":-0.0132455974817276},"rotation":{"x":0.029513895511627198,"y":0.9475317001342773,"z":-0.3043639361858368,"w":0.09182316064834595},"size":0.9030908346176148,"orthographic":false}