{"cameraMode":{"drawMode":0,"name":"Shaded","section":"Shading Mode"},"sceneLighting":false,"audioPlay":false,"sceneViewState":{"m_AlwaysRefresh":false,"showFog":true,"showSkybox":false,"showFlares":true,"showImageEffects":true,"showParticleSystems":true,"showVisualEffectGraphs":true,"m_FxEnabled":false},"in2DMode":false,"pivot":{"x":-0.4832499027252197,"y":0.5023624897003174,"z":1.8158602714538575},"rotation":{"x":0.08336123824119568,"y":0.9148415327072144,"z":-0.24908089637756349,"w":0.3063437044620514},"size":0.7771455645561218,"orthographic":false}