{"cameraMode":{"drawMode":0,"name":"Shaded","section":"Shading Mode"},"sceneLighting":false,"audioPlay":false,"sceneViewState":{"m_AlwaysRefresh":false,"showFog":true,"showSkybox":false,"showFlares":true,"showImageEffects":true,"showParticleSystems":true,"showVisualEffectGraphs":true,"m_FxEnabled":false},"in2DMode":false,"pivot":{"x":0.026907246559858323,"y":0.793064296245575,"z":0.07982739061117172},"rotation":{"x":-0.005705157294869423,"y":0.9540676474571228,"z":-0.29858940839767458,"w":-0.01800067164003849},"size":0.8660253882408142,"orthographic":false}