{"cameraMode":{"drawMode":0,"name":"Shaded","section":"Shading Mode"},"sceneLighting":false,"audioPlay":false,"sceneViewState":{"m_AlwaysRefresh":false,"showFog":true,"showSkybox":false,"showFlares":true,"showImageEffects":true,"showParticleSystems":true,"showVisualEffectGraphs":true,"m_FxEnabled":false},"in2DMode":false,"pivot":{"x":-0.016924560070037843,"y":0.4244183599948883,"z":0.036735981702804568},"rotation":{"x":-0.1810639351606369,"y":0.6539148092269898,"z":-0.16542333364486695,"w":-0.7155570387840271},"size":0.7911936640739441,"orthographic":false}