{"cameraMode":{"drawMode":0,"name":"Shaded","section":"Shading Mode"},"sceneLighting":false,"audioPlay":false,"sceneViewState":{"m_AlwaysRefresh":false,"showFog":true,"showSkybox":false,"showFlares":true,"showImageEffects":true,"showParticleSystems":true,"showVisualEffectGraphs":true,"m_FxEnabled":false},"in2DMode":false,"pivot":{"x":0.5380285978317261,"y":0.30381423234939577,"z":0.15600502490997315},"rotation":{"x":0.0458306260406971,"y":0.9521431922912598,"z":-0.24241121113300324,"w":0.17976167798042298},"size":0.7719126343727112,"orthographic":false}