{"cameraMode":{"drawMode":0,"name":"Shaded","section":"Shading Mode"},"sceneLighting":false,"audioPlay":false,"sceneViewState":{"m_AlwaysRefresh":false,"showFog":true,"showSkybox":false,"showFlares":true,"showImageEffects":true,"showParticleSystems":true,"showVisualEffectGraphs":true,"m_FxEnabled":false},"in2DMode":false,"pivot":{"x":0.26755231618881228,"y":0.344806432723999,"z":0.059478759765625},"rotation":{"x":0.018983935937285425,"y":0.969318687915802,"z":-0.23136627674102784,"w":0.07927408814430237},"size":0.7719126343727112,"orthographic":false}