{"cameraMode":{"drawMode":0,"name":"Shaded","section":"Shading Mode"},"sceneLighting":true,"audioPlay":false,"sceneViewState":{"m_AlwaysRefresh":false,"showFog":true,"showSkybox":true,"showFlares":true,"showImageEffects":true,"showParticleSystems":true,"showVisualEffectGraphs":true,"m_FxEnabled":false},"in2DMode":false,"pivot":{"x":-9.063802719116211,"y":-3.8381338119506838,"z":2.549777030944824},"rotation":{"x":-0.47123607993125918,"y":0.005823152605444193,"z":-0.003100866451859474,"w":-0.8817672729492188},"size":10.699094772338868,"orthographic":false}