{"cameraMode":{"drawMode":0,"name":"Shaded","section":"Shading Mode"},"sceneLighting":true,"audioPlay":false,"sceneViewState":{"m_AlwaysRefresh":false,"showFog":true,"showSkybox":true,"showFlares":true,"showImageEffects":true,"showParticleSystems":true,"showVisualEffectGraphs":true,"m_FxEnabled":false},"in2DMode":false,"pivot":{"x":-6.911248207092285,"y":-9.940393447875977,"z":11.616528511047364},"rotation":{"x":-0.45246410369873049,"y":-0.022194089367985727,"z":0.011275142431259156,"w":-0.8911731243133545},"size":10.747092247009278,"orthographic":false}