{"cameraMode":{"drawMode":0,"name":"Shaded","section":"Shading Mode"},"sceneLighting":false,"audioPlay":false,"sceneViewState":{"m_AlwaysRefresh":false,"showFog":true,"showSkybox":false,"showFlares":true,"showImageEffects":true,"showParticleSystems":true,"showVisualEffectGraphs":true,"m_FxEnabled":true},"in2DMode":false,"pivot":{"x":0.03533530235290527,"y":0.8243407011032105,"z":1.0672333240509034},"rotation":{"x":-0.19549965858459474,"y":0.01823917217552662,"z":-0.003623764030635357,"w":-0.9804821014404297},"size":0.8660253882408142,"orthographic":false}