{"cameraMode":{"drawMode":0,"name":"Shaded","section":"Shading Mode"},"sceneLighting":false,"audioPlay":false,"sceneViewState":{"m_AlwaysRefresh":false,"showFog":true,"showSkybox":false,"showFlares":true,"showImageEffects":true,"showParticleSystems":true,"showVisualEffectGraphs":true,"m_FxEnabled":false},"in2DMode":false,"pivot":{"x":-0.15061767399311067,"y":0.7672061324119568,"z":-0.6083000302314758},"rotation":{"x":0.10261568427085877,"y":0.8909772038459778,"z":-0.2511805593967438,"w":0.3637411892414093},"size":1.5438252687454224,"orthographic":false}