{"cameraMode":{"drawMode":0,"name":"Shaded","section":"Shading Mode"},"sceneLighting":false,"audioPlay":false,"sceneViewState":{"m_AlwaysRefresh":false,"showFog":true,"showSkybox":false,"showFlares":true,"showImageEffects":true,"showParticleSystems":true,"showVisualEffectGraphs":true,"m_FxEnabled":false},"in2DMode":false,"pivot":{"x":0.08782070875167847,"y":0.5090953707695007,"z":-0.03596031665802002},"rotation":{"x":-0.03683951869606972,"y":0.9611444473266602,"z":-0.221805602312088,"w":-0.15942829847335816},"size":0.7771455645561218,"orthographic":false}