{"cameraMode":{"drawMode":0,"name":"Shaded","section":"Shading Mode"},"sceneLighting":false,"audioPlay":false,"sceneViewState":{"m_AlwaysRefresh":false,"showFog":true,"showSkybox":false,"showFlares":true,"showImageEffects":true,"showParticleSystems":true,"showVisualEffectGraphs":true,"m_FxEnabled":false},"in2DMode":false,"pivot":{"x":1.9918712377548218,"y":0.04945691302418709,"z":0.41592350602149966},"rotation":{"x":-0.05841653048992157,"y":0.8979073762893677,"z":-0.4175751507282257,"w":-0.12549568712711335},"size":1.5840061902999879,"orthographic":false}