{"cameraMode":{"drawMode":0,"name":"Shaded","section":"Shading Mode"},"sceneLighting":false,"audioPlay":false,"sceneViewState":{"m_AlwaysRefresh":false,"showFog":true,"showSkybox":false,"showFlares":true,"showImageEffects":true,"showParticleSystems":true,"showVisualEffectGraphs":true,"m_FxEnabled":false},"in2DMode":false,"pivot":{"x":416.9156799316406,"y":216.4562225341797,"z":-0.0002022385597229004},"rotation":{"x":0.4080211818218231,"y":-0.008221433497965336,"z":0.0036718775518238546,"w":0.9129080176353455},"size":469.7564392089844,"orthographic":false}